{"cameraMode":{"drawMode":0,"name":"Shaded","section":"Shading Mode"},"sceneLighting":false,"audioPlay":false,"sceneViewState":{"showFog":false,"showMaterialUpdate":false,"showSkybox":false,"showFlares":false,"showImageEffects":false,"showParticleSystems":false},"in2DMode":false,"pivot":{"x":-1.187997579574585,"y":0.9126082062721252,"z":-3.9451208114624025},"rotation":{"x":-0.0007062156801111996,"y":0.998115599155426,"z":-0.060268584638834,"w":-0.011677834205329419},"size":1.3853474855422974,"orthographic":false}