{"cameraMode":{"drawMode":0,"name":"Shaded","section":"Shading Mode"},"sceneLighting":false,"audioPlay":false,"sceneViewState":{"showFog":false,"showMaterialUpdate":false,"showSkybox":false,"showFlares":false,"showImageEffects":false,"showParticleSystems":false},"in2DMode":false,"pivot":{"x":5.099440097808838,"y":490.15704345703127,"z":-692.0526733398438},"rotation":{"x":0.5526471138000488,"y":-0.027490800246596338,"z":0.018244188278913499,"w":0.832763135433197},"size":10.0,"orthographic":false}