{"cameraMode":{"drawMode":0,"name":"Shaded","section":"Shading Mode"},"sceneLighting":false,"audioPlay":false,"sceneViewState":{"showFog":false,"showMaterialUpdate":false,"showSkybox":false,"showFlares":false,"showImageEffects":false,"showParticleSystems":false},"in2DMode":false,"pivot":{"x":-0.7606698870658875,"y":1.035320520401001,"z":-4.566626071929932},"rotation":{"x":-0.0007062156801111996,"y":0.998115599155426,"z":-0.060268584638834,"w":-0.011677834205329419},"size":1.9396979808807374,"orthographic":false}